clien_id,age,job,marital,education,default,housing,loan,contact,month,day_of_week,duration,campaign,pdays,previous,poutcome,emp.var.rate,cons.price.idx,cons.conf.idx,euribor3m,nr.employed,y
A000103,20,student,single,high.school,no,yes,no,cellular,may,wed,297,1,999,0,nonexistent,-1.8,92.893,-46.2,1.27,5099.1,
A000128,20,student,single,unknown,no,yes,no,cellular,apr,tue,81,3,999,0,nonexistent,-1.8,93.749,-34.6,0.646,5008.7,
A000188,21,blue-collar,single,basic.9y,no,yes,no,cellular,may,mon,250,1,999,0,nonexistent,-1.8,92.893,-46.2,1.244,5099.1,
A000321,22,admin.,single,basic.9y,no,yes,yes,cellular,may,fri,34,10,999,0,nonexistent,-1.8,92.893,-46.2,1.25,5099.1,
A000456,23,admin.,single,professional.course,no,no,no,cellular,jul,wed,115,1,999,0,nonexistent,1.4,93.918,-42.7,4.963,5228.1,
A000732,24,admin.,single,high.school,no,no,no,telephone,jul,wed,41,6,999,0,nonexistent,1.4,93.918,-42.7,4.957,5228.1,
A000817,24,blue-collar,single,basic.9y,no,yes,no,cellular,jul,wed,220,1,999,0,nonexistent,1.4,93.918,-42.7,4.963,5228.1,
A000827,24,services,single,unknown,no,no,no,cellular,mar,tue,103,1,999,0,nonexistent,-1.8,92.843,-50,1.799,5099.1,
A000894,24,student,single,high.school,unknown,yes,no,cellular,may,wed,290,1,999,1,failure,-1.8,92.893,-46.2,1.281,5099.1,
A000951,24,technician,single,professional.course,no,unknown,unknown,cellular,may,wed,311,2,999,0,nonexistent,-1.8,92.893,-46.2,1.27,5099.1,
A000959,24,student,single,high.school,no,no,no,cellular,jun,tue,253,1,999,0,nonexistent,-2.9,92.963,-40.8,1.262,5076.2,
A001398,25,admin.,single,basic.9y,no,no,no,cellular,jul,thu,39,8,999,0,nonexistent,1.4,93.918,-42.7,4.968,5228.1,
A001407,25,management,married,university.degree,no,yes,no,telephone,nov,wed,268,1,999,0,nonexistent,-0.1,93.2,-42,4.663,5195.8,
A001764,26,technician,married,basic.6y,no,yes,no,telephone,may,fri,138,1,999,0,nonexistent,1.1,93.994,-36.4,4.864,5191,
A001821,26,blue-collar,married,basic.9y,no,yes,no,telephone,jun,mon,102,35,999,0,nonexistent,1.4,94.465,-41.8,4.96,5228.1,
A001833,26,admin.,single,high.school,no,unknown,unknown,telephone,jun,thu,92,3,999,0,nonexistent,1.4,94.465,-41.8,4.961,5228.1,
A002059,26,entrepreneur,single,high.school,no,no,yes,cellular,apr,fri,297,1,999,1,failure,-1.8,93.075,-47.1,1.479,5099.1,
A002084,26,admin.,single,high.school,no,no,no,cellular,apr,mon,123,3,999,0,nonexistent,-1.8,93.075,-47.1,1.405,5099.1,
A002186,26,self-employed,single,university.degree,no,no,no,cellular,may,fri,99,3,999,0,nonexistent,-1.8,92.893,-46.2,1.25,5099.1,
A002187,26,technician,single,university.degree,no,yes,yes,cellular,may,fri,173,3,999,0,nonexistent,-1.8,92.893,-46.2,1.25,5099.1,
A002190,26,technician,single,professional.course,no,yes,no,cellular,may,fri,11,7,999,0,nonexistent,-1.8,92.893,-46.2,1.25,5099.1,
A002203,26,student,single,high.school,no,yes,no,cellular,may,mon,113,2,999,0,nonexistent,-1.8,92.893,-46.2,1.244,5099.1,
A002209,26,admin.,single,university.degree,no,yes,no,telephone,may,fri,23,2,999,0,nonexistent,-1.8,92.893,-46.2,1.259,5099.1,
A002522,27,technician,single,professional.course,no,yes,yes,telephone,jun,mon,522,1,999,0,nonexistent,1.4,94.465,-41.8,4.961,5228.1,
A002639,27,management,married,basic.9y,no,no,yes,cellular,jul,mon,174,3,999,0,nonexistent,1.4,93.918,-42.7,4.962,5228.1,
A002660,27,admin.,single,university.degree,no,yes,no,cellular,jul,tue,490,5,999,0,nonexistent,1.4,93.918,-42.7,4.961,5228.1,
A002674,27,blue-collar,single,basic.9y,no,yes,no,cellular,jul,thu,818,1,999,0,nonexistent,1.4,93.918,-42.7,4.958,5228.1,
A002718,27,admin.,single,university.degree,no,yes,yes,cellular,jul,mon,150,4,999,0,nonexistent,1.4,93.918,-42.7,4.96,5228.1,
A002772,27,admin.,married,university.degree,no,no,yes,cellular,jul,fri,979,2,999,0,nonexistent,1.4,93.918,-42.7,4.962,5228.1,
A002831,27,blue-collar,single,basic.4y,no,no,no,cellular,apr,thu,622,1,999,0,nonexistent,-1.8,93.075,-47.1,1.41,5099.1,
A003134,27,student,single,high.school,no,no,no,cellular,mar,fri,219,1,999,0,nonexistent,-1.8,93.369,-34.8,0.653,5008.7,
A003353,28,services,single,high.school,no,yes,yes,telephone,may,fri,372,3,999,0,nonexistent,1.1,93.994,-36.4,4.857,5191,
A003370,28,admin.,single,university.degree,no,no,no,telephone,may,tue,75,2,999,0,nonexistent,1.1,93.994,-36.4,4.857,5191,
A003652,28,management,single,university.degree,no,no,no,cellular,jul,fri,292,3,999,0,nonexistent,1.4,93.918,-42.7,4.957,5228.1,
A003732,28,services,married,high.school,no,yes,no,telephone,jul,thu,115,4,999,0,nonexistent,1.4,93.918,-42.7,4.968,5228.1,
A003741,28,services,married,high.school,no,no,no,cellular,jul,thu,612,2,999,0,nonexistent,1.4,93.918,-42.7,4.968,5228.1,
A003849,28,blue-collar,single,university.degree,no,no,no,cellular,may,tue,585,1,999,0,nonexistent,-1.8,92.893,-46.2,1.344,5099.1,
A003912,28,blue-collar,married,basic.9y,unknown,yes,no,cellular,may,mon,173,2,999,0,nonexistent,-1.8,92.893,-46.2,1.299,5099.1,
A003995,28,blue-collar,married,basic.9y,unknown,yes,no,cellular,may,thu,334,1,999,0,nonexistent,-1.8,92.893,-46.2,1.266,5099.1,
A004054,28,services,married,basic.9y,no,no,no,cellular,may,tue,396,3,999,0,nonexistent,-1.8,92.893,-46.2,1.266,5099.1,
A004062,28,management,married,basic.6y,no,no,yes,cellular,jun,tue,111,1,999,0,nonexistent,-2.9,92.963,-40.8,1.262,5076.2,
A004137,28,admin.,single,university.degree,no,no,no,cellular,oct,fri,317,2,999,0,nonexistent,-3.4,92.431,-26.9,0.739,5017.5,
A004281,29,blue-collar,married,professional.course,no,yes,no,telephone,may,wed,749,2,999,0,nonexistent,1.1,93.994,-36.4,4.859,5191,
A004335,29,admin.,single,basic.9y,unknown,no,no,telephone,may,wed,272,1,999,0,nonexistent,1.1,93.994,-36.4,4.858,5191,
A004496,29,admin.,single,university.degree,no,no,no,telephone,jun,tue,641,6,999,0,nonexistent,1.4,94.465,-41.8,4.961,5228.1,
A004502,29,management,married,university.degree,no,no,no,telephone,jun,wed,332,2,999,0,nonexistent,1.4,94.465,-41.8,4.962,5228.1,
A004590,29,admin.,single,high.school,no,yes,no,cellular,jul,wed,1272,1,999,0,nonexistent,1.4,93.918,-42.7,4.962,5228.1,
A004712,29,blue-collar,married,basic.9y,no,yes,no,cellular,jul,mon,166,1,999,0,nonexistent,1.4,93.918,-42.7,4.96,5228.1,
A004832,29,technician,single,professional.course,no,no,no,cellular,aug,mon,356,1,999,0,nonexistent,1.4,93.444,-36.1,4.965,5228.1,
A004977,29,technician,single,professional.course,no,no,no,cellular,aug,fri,245,1,999,0,nonexistent,1.4,93.444,-36.1,4.963,5228.1,
A005019,29,technician,single,professional.course,no,yes,yes,telephone,nov,wed,161,1,999,0,nonexistent,-0.1,93.2,-42,4.12,5195.8,
A005060,29,admin.,single,high.school,no,yes,no,cellular,nov,thu,23,2,999,1,failure,-0.1,93.2,-42,4.076,5195.8,
A005293,29,admin.,single,professional.course,no,yes,no,cellular,may,tue,200,1,999,1,failure,-1.8,92.893,-46.2,1.291,5099.1,
A005361,29,blue-collar,married,basic.9y,unknown,yes,no,telephone,may,wed,337,2,999,0,nonexistent,-1.8,92.893,-46.2,1.281,5099.1,
A005371,29,blue-collar,married,basic.9y,no,no,no,cellular,may,thu,91,1,999,0,nonexistent,-1.8,92.893,-46.2,1.266,5099.1,
A005407,29,blue-collar,married,basic.9y,no,yes,no,cellular,may,fri,14,4,999,0,nonexistent,-1.8,92.893,-46.2,1.25,5099.1,
A005554,29,admin.,single,university.degree,no,no,no,cellular,oct,mon,87,2,999,1,failure,-3.4,92.431,-26.9,0.731,5017.5,
A005641,29,technician,single,professional.course,no,no,yes,cellular,jul,tue,178,2,15,2,failure,-1.7,94.215,-40.3,0.876,4991.6,
A006093,30,admin.,single,high.school,no,no,no,telephone,jul,fri,30,2,999,0,nonexistent,1.4,93.918,-42.7,4.959,5228.1,
A006132,30,technician,single,university.degree,no,yes,yes,cellular,jul,wed,63,1,999,0,nonexistent,1.4,93.918,-42.7,4.962,5228.1,
A006134,30,blue-collar,married,high.school,unknown,yes,no,cellular,jul,wed,44,1,999,0,nonexistent,1.4,93.918,-42.7,4.962,5228.1,
A006221,30,self-employed,single,university.degree,no,no,no,cellular,jul,wed,1147,4,999,0,nonexistent,1.4,93.918,-42.7,4.957,5228.1,
A006385,30,admin.,single,university.degree,no,no,no,cellular,aug,tue,1110,2,999,0,nonexistent,1.4,93.444,-36.1,4.968,5228.1,
A006438,30,admin.,single,university.degree,no,yes,yes,cellular,aug,mon,71,2,999,0,nonexistent,1.4,93.444,-36.1,4.965,5228.1,
A006617,30,admin.,single,university.degree,no,no,no,cellular,aug,mon,167,2,999,0,nonexistent,1.4,93.444,-36.1,4.965,5228.1,
A006675,30,admin.,married,university.degree,no,no,no,cellular,nov,mon,329,2,999,0,nonexistent,-0.1,93.2,-42,4.191,5195.8,
A006778,30,technician,married,university.degree,no,no,no,cellular,nov,thu,1031,6,999,0,nonexistent,-0.1,93.2,-42,4.076,5195.8,
A006820,30,self-employed,married,professional.course,no,yes,no,cellular,nov,thu,329,2,999,0,nonexistent,-0.1,93.2,-42,4.076,5195.8,
A006881,30,self-employed,single,university.degree,no,yes,no,cellular,apr,thu,104,1,999,0,nonexistent,-1.8,93.075,-47.1,1.435,5099.1,
A006891,30,admin.,married,university.degree,no,no,no,cellular,apr,tue,259,1,999,0,nonexistent,-1.8,93.075,-47.1,1.423,5099.1,
A006906,30,services,single,high.school,unknown,yes,no,cellular,apr,fri,451,1,999,0,nonexistent,-1.8,93.075,-47.1,1.405,5099.1,
A007251,30,student,married,university.degree,no,yes,no,cellular,aug,mon,186,3,3,1,success,-2.9,92.201,-31.4,0.821,5076.2,
A007359,30,technician,single,professional.course,no,no,no,cellular,sep,tue,706,1,6,1,success,-1.1,94.199,-37.5,0.877,4963.6,
A007383,30,admin.,single,university.degree,no,yes,no,cellular,nov,mon,324,2,999,0,nonexistent,-1.1,94.767,-50.8,1.039,4963.6,
A007402,31,management,single,university.degree,no,yes,no,telephone,may,wed,254,1,999,0,nonexistent,1.1,93.994,-36.4,4.856,5191,
A007403,31,admin.,single,university.degree,no,yes,no,telephone,may,wed,325,2,999,0,nonexistent,1.1,93.994,-36.4,4.856,5191,
A007415,31,admin.,married,university.degree,no,no,no,telephone,may,wed,225,2,999,0,nonexistent,1.1,93.994,-36.4,4.856,5191,
A007524,31,blue-collar,married,basic.9y,unknown,yes,yes,telephone,may,mon,88,6,999,0,nonexistent,1.1,93.994,-36.4,4.858,5191,
A007572,31,blue-collar,married,basic.9y,no,no,no,telephone,may,fri,451,4,999,0,nonexistent,1.1,93.994,-36.4,4.857,5191,
A007595,31,admin.,single,university.degree,no,yes,yes,telephone,may,mon,232,5,999,0,nonexistent,1.1,93.994,-36.4,4.857,5191,
A007650,31,housemaid,married,high.school,no,no,no,telephone,may,thu,480,10,999,0,nonexistent,1.1,93.994,-36.4,4.86,5191,
A007685,31,services,married,high.school,unknown,yes,no,telephone,jun,tue,170,1,999,0,nonexistent,1.4,94.465,-41.8,4.864,5228.1,
A007738,31,blue-collar,married,basic.4y,no,no,no,telephone,jun,fri,72,6,999,0,nonexistent,1.4,94.465,-41.8,4.967,5228.1,
A007759,31,housemaid,married,basic.4y,unknown,no,no,telephone,jun,wed,327,10,999,0,nonexistent,1.4,94.465,-41.8,4.959,5228.1,
A008287,31,admin.,married,university.degree,no,yes,no,cellular,aug,thu,67,1,999,0,nonexistent,1.4,93.444,-36.1,4.964,5228.1,
A008310,31,admin.,married,university.degree,no,yes,no,cellular,aug,mon,104,2,999,0,nonexistent,1.4,93.444,-36.1,4.963,5228.1,
A008354,31,admin.,single,university.degree,no,yes,no,cellular,aug,tue,191,2,999,0,nonexistent,1.4,93.444,-36.1,4.963,5228.1,
A008655,31,entrepreneur,single,high.school,no,no,no,cellular,nov,thu,290,1,999,0,nonexistent,-0.1,93.2,-42,4.076,5195.8,
A008715,31,services,married,high.school,no,no,no,cellular,nov,thu,283,5,999,0,nonexistent,-0.1,93.2,-42,4.076,5195.8,
A008835,31,admin.,single,university.degree,no,yes,no,cellular,apr,tue,101,2,999,0,nonexistent,-1.8,93.075,-47.1,1.384,5099.1,
A008853,31,admin.,single,university.degree,no,yes,no,cellular,may,mon,434,4,999,0,nonexistent,-1.8,92.893,-46.2,1.354,5099.1,
A008857,31,blue-collar,married,basic.6y,no,yes,no,cellular,may,mon,392,7,999,0,nonexistent,-1.8,92.893,-46.2,1.354,5099.1,
A008967,31,technician,single,professional.course,no,yes,yes,cellular,may,mon,282,1,999,0,nonexistent,-1.8,92.893,-46.2,1.299,5099.1,
A009088,31,admin.,single,university.degree,no,no,yes,cellular,may,thu,546,3,999,0,nonexistent,-1.8,92.893,-46.2,1.266,5099.1,
A009452,32,admin.,divorced,high.school,no,yes,no,telephone,may,thu,241,23,999,0,nonexistent,1.1,93.994,-36.4,4.86,5191,
A009462,32,blue-collar,married,basic.9y,unknown,yes,no,telephone,may,fri,184,1,999,0,nonexistent,1.1,93.994,-36.4,4.859,5191,
A009473,32,admin.,single,professional.course,no,no,no,telephone,may,mon,131,1,999,0,nonexistent,1.1,93.994,-36.4,4.858,5191,
A009481,32,admin.,married,high.school,unknown,yes,no,telephone,may,mon,35,3,999,0,nonexistent,1.1,93.994,-36.4,4.858,5191,
A009572,32,blue-collar,married,basic.4y,unknown,yes,no,telephone,may,wed,223,1,999,0,nonexistent,1.1,93.994,-36.4,4.857,5191,
A009627,32,admin.,single,university.degree,no,no,no,telephone,jun,tue,94,1,999,0,nonexistent,1.4,94.465,-41.8,4.864,5228.1,
A009726,32,self-employed,married,professional.course,no,no,yes,telephone,jun,tue,705,1,999,0,nonexistent,1.4,94.465,-41.8,4.961,5228.1,
A009747,32,student,single,university.degree,no,yes,no,telephone,jun,wed,209,12,999,0,nonexistent,1.4,94.465,-41.8,4.962,5228.1,
A009943,32,blue-collar,single,basic.4y,no,yes,no,cellular,jul,fri,141,1,999,0,nonexistent,1.4,93.918,-42.7,4.957,5228.1,
A009978,32,blue-collar,divorced,basic.6y,unknown,yes,no,telephone,jul,wed,104,1,999,0,nonexistent,1.4,93.918,-42.7,4.963,5228.1,
A010129,32,admin.,married,university.degree,no,no,no,cellular,aug,mon,247,1,999,0,nonexistent,1.4,93.444,-36.1,4.965,5228.1,
A010412,32,admin.,single,university.degree,no,yes,no,cellular,nov,tue,145,2,999,1,failure,-0.1,93.2,-42,4.153,5195.8,
A010524,32,services,married,basic.4y,unknown,no,no,cellular,nov,thu,813,2,999,0,nonexistent,-0.1,93.2,-42,4.076,5195.8,
A010584,32,admin.,single,university.degree,no,yes,yes,cellular,mar,mon,96,6,999,0,nonexistent,-1.8,92.843,-50,1.52,5099.1,
A010773,32,blue-collar,married,basic.9y,no,yes,no,cellular,may,mon,197,1,999,0,nonexistent,-1.8,92.893,-46.2,1.299,5099.1,
A010814,32,blue-collar,single,high.school,no,yes,yes,cellular,may,tue,202,2,999,0,nonexistent,-1.8,92.893,-46.2,1.291,5099.1,
A011031,32,admin.,single,professional.course,no,yes,no,cellular,jul,wed,72,1,999,0,nonexistent,-2.9,92.469,-33.6,1.029,5076.2,
A011035,32,admin.,single,university.degree,no,yes,no,telephone,jul,fri,123,4,999,0,nonexistent,-2.9,92.469,-33.6,1.007,5076.2,
A011080,32,unknown,single,high.school,no,yes,no,cellular,oct,fri,267,1,999,0,nonexistent,-3.4,92.431,-26.9,0.73,5017.5,
A011174,32,admin.,single,high.school,no,yes,no,cellular,nov,mon,128,2,999,1,failure,-1.1,94.767,-50.8,1.048,4963.6,
A011193,33,admin.,married,basic.9y,no,no,no,telephone,may,tue,198,1,999,0,nonexistent,1.1,93.994,-36.4,4.857,5191,
A011215,33,technician,married,professional.course,no,no,no,telephone,may,wed,123,2,999,0,nonexistent,1.1,93.994,-36.4,4.856,5191,
A011389,33,services,married,high.school,unknown,no,no,telephone,may,wed,227,3,999,0,nonexistent,1.1,93.994,-36.4,4.858,5191,
A011406,33,admin.,married,basic.9y,no,no,no,telephone,may,mon,511,1,999,0,nonexistent,1.1,93.994,-36.4,4.857,5191,
A011419,33,services,single,high.school,no,no,no,telephone,may,mon,178,5,999,0,nonexistent,1.1,93.994,-36.4,4.857,5191,
A011478,33,admin.,married,university.degree,no,yes,no,telephone,may,thu,56,3,999,0,nonexistent,1.1,93.994,-36.4,4.86,5191,
A011495,33,technician,unknown,professional.course,unknown,no,no,telephone,may,fri,112,2,999,0,nonexistent,1.1,93.994,-36.4,4.864,5191,
A011535,33,unemployed,married,basic.9y,no,no,no,telephone,jun,wed,563,1,999,0,nonexistent,1.4,94.465,-41.8,4.864,5228.1,
A011605,33,technician,single,professional.course,no,yes,no,telephone,jun,tue,66,4,999,0,nonexistent,1.4,94.465,-41.8,4.961,5228.1,
A011660,33,services,married,high.school,no,yes,no,cellular,jul,fri,548,2,999,0,nonexistent,1.4,93.918,-42.7,4.959,5228.1,
A011701,33,services,married,basic.9y,unknown,yes,no,cellular,jul,wed,133,2,999,0,nonexistent,1.4,93.918,-42.7,4.962,5228.1,
A011745,33,entrepreneur,married,university.degree,no,yes,no,cellular,jul,mon,116,2,999,0,nonexistent,1.4,93.918,-42.7,4.962,5228.1,
A011785,33,management,single,basic.9y,no,yes,no,cellular,jul,thu,234,1,999,0,nonexistent,1.4,93.918,-42.7,4.958,5228.1,
A011849,33,technician,single,basic.9y,no,no,no,cellular,jul,thu,142,1,999,0,nonexistent,1.4,93.918,-42.7,4.962,5228.1,
A012103,33,unemployed,married,university.degree,no,no,no,cellular,aug,fri,115,1,999,0,nonexistent,1.4,93.444,-36.1,4.964,5228.1,
A012218,33,blue-collar,married,basic.9y,no,no,no,cellular,nov,tue,214,1,999,0,nonexistent,-0.1,93.2,-42,4.153,5195.8,
A012219,33,self-employed,married,university.degree,no,yes,no,cellular,nov,tue,84,2,999,0,nonexistent,-0.1,93.2,-42,4.153,5195.8,
A012419,33,technician,married,professional.course,unknown,yes,no,cellular,apr,fri,446,2,999,0,nonexistent,-1.8,93.075,-47.1,1.405,5099.1,
A012514,33,blue-collar,single,basic.9y,no,yes,no,cellular,may,wed,116,2,999,1,failure,-1.8,92.893,-46.2,1.334,5099.1,
A012582,33,blue-collar,single,high.school,no,yes,no,cellular,may,fri,435,2,999,1,failure,-1.8,92.893,-46.2,1.313,5099.1,
A012615,33,admin.,married,university.degree,no,yes,no,cellular,may,mon,86,3,999,0,nonexistent,-1.8,92.893,-46.2,1.299,5099.1,
A012633,33,self-employed,single,high.school,no,no,no,cellular,may,tue,238,1,999,1,failure,-1.8,92.893,-46.2,1.291,5099.1,
A012699,33,admin.,married,high.school,no,yes,yes,cellular,may,wed,85,2,999,1,failure,-1.8,92.893,-46.2,1.281,5099.1,
A012707,33,admin.,single,basic.9y,no,no,no,cellular,may,wed,245,4,999,0,nonexistent,-1.8,92.893,-46.2,1.281,5099.1,
A012717,33,blue-collar,married,basic.9y,no,yes,no,telephone,may,thu,16,5,999,0,nonexistent,-1.8,92.893,-46.2,1.266,5099.1,
A012759,33,technician,divorced,high.school,no,unknown,unknown,cellular,may,fri,224,1,999,0,nonexistent,-1.8,92.893,-46.2,1.25,5099.1,
A012771,33,blue-collar,married,basic.6y,no,no,no,cellular,may,fri,218,4,999,0,nonexistent,-1.8,92.893,-46.2,1.25,5099.1,
A012892,33,admin.,single,university.degree,no,yes,no,telephone,oct,thu,166,3,6,2,success,-3.4,92.431,-26.9,0.74,5017.5,
A013017,34,blue-collar,single,basic.9y,unknown,no,no,telephone,may,mon,289,1,999,0,nonexistent,1.1,93.994,-36.4,4.857,5191,
A013040,34,blue-collar,married,basic.6y,no,yes,no,telephone,may,wed,123,1,999,0,nonexistent,1.1,93.994,-36.4,4.856,5191,
A013260,34,admin.,married,university.degree,no,no,no,telephone,may,wed,162,1,999,0,nonexistent,1.1,93.994,-36.4,4.857,5191,
A013269,34,technician,married,basic.9y,no,no,no,telephone,may,wed,593,2,999,0,nonexistent,1.1,93.994,-36.4,4.857,5191,
A013439,34,blue-collar,married,high.school,no,no,no,telephone,jun,wed,18,6,999,0,nonexistent,1.4,94.465,-41.8,4.962,5228.1,
A013589,34,management,divorced,university.degree,no,yes,no,cellular,jul,tue,580,5,999,0,nonexistent,1.4,93.918,-42.7,4.961,5228.1,
A013996,34,self-employed,married,professional.course,no,yes,no,cellular,nov,wed,103,3,999,1,failure,-0.1,93.2,-42,4.12,5195.8,
A014006,34,admin.,married,university.degree,no,yes,no,cellular,nov,wed,174,1,999,0,nonexistent,-0.1,93.2,-42,4.12,5195.8,
A014065,34,management,single,university.degree,no,yes,no,cellular,nov,fri,79,2,999,0,nonexistent,-0.1,93.2,-42,4.021,5195.8,
A014507,34,blue-collar,married,basic.9y,no,no,no,cellular,may,fri,241,1,999,1,failure,-1.8,92.893,-46.2,1.25,5099.1,
A014732,34,admin.,single,high.school,no,no,no,cellular,sep,thu,204,1,12,1,success,-1.1,94.199,-37.5,0.879,4963.6,
A014783,35,services,single,basic.4y,no,no,no,telephone,may,tue,329,1,999,0,nonexistent,1.1,93.994,-36.4,4.857,5191,
A014791,35,blue-collar,single,unknown,no,yes,no,telephone,may,wed,125,1,999,0,nonexistent,1.1,93.994,-36.4,4.856,5191,
A015017,35,admin.,married,university.degree,no,yes,yes,telephone,may,mon,280,3,999,0,nonexistent,1.1,93.994,-36.4,4.857,5191,
A015069,35,management,married,basic.9y,no,yes,yes,telephone,may,wed,344,2,999,0,nonexistent,1.1,93.994,-36.4,4.857,5191,
A015117,35,housemaid,married,basic.4y,no,no,no,telephone,may,fri,91,2,999,0,nonexistent,1.1,93.994,-36.4,4.864,5191,
A015196,35,unemployed,married,university.degree,no,no,no,telephone,jun,fri,360,2,999,0,nonexistent,1.4,94.465,-41.8,4.967,5228.1,
A015222,35,blue-collar,married,basic.9y,no,no,yes,telephone,jun,mon,782,2,999,0,nonexistent,1.4,94.465,-41.8,4.961,5228.1,
A015225,35,blue-collar,married,basic.4y,unknown,yes,no,telephone,jun,mon,184,5,999,0,nonexistent,1.4,94.465,-41.8,4.961,5228.1,
A015276,35,technician,married,professional.course,no,no,no,telephone,jun,wed,417,1,999,0,nonexistent,1.4,94.465,-41.8,4.962,5228.1,
A015277,35,entrepreneur,single,professional.course,no,no,no,telephone,jun,wed,236,1,999,0,nonexistent,1.4,94.465,-41.8,4.962,5228.1,
A015602,35,technician,married,high.school,no,no,no,cellular,aug,tue,121,3,999,0,nonexistent,1.4,93.444,-36.1,4.968,5228.1,
A016067,35,services,divorced,high.school,no,no,no,cellular,apr,thu,301,1,999,0,nonexistent,-1.8,93.075,-47.1,1.365,5099.1,
A016139,35,technician,single,professional.course,no,yes,no,cellular,may,thu,141,1,999,0,nonexistent,-1.8,92.893,-46.2,1.327,5099.1,
A016228,35,blue-collar,single,basic.9y,unknown,yes,no,cellular,may,mon,83,2,999,1,failure,-1.8,92.893,-46.2,1.299,5099.1,
A016533,36,technician,married,university.degree,no,no,no,telephone,may,tue,210,1,999,0,nonexistent,1.1,93.994,-36.4,4.857,5191,
A016618,36,technician,married,high.school,no,yes,no,telephone,may,mon,162,1,999,0,nonexistent,1.1,93.994,-36.4,4.857,5191,
A016635,36,technician,married,professional.course,no,no,yes,telephone,may,tue,95,1,999,0,nonexistent,1.1,93.994,-36.4,4.856,5191,
A016674,36,services,married,high.school,no,no,no,telephone,may,thu,295,2,999,0,nonexistent,1.1,93.994,-36.4,4.86,5191,
A016813,36,entrepreneur,married,university.degree,unknown,no,no,telephone,may,tue,152,2,999,0,nonexistent,1.1,93.994,-36.4,4.857,5191,
A016965,36,technician,married,professional.course,no,no,no,telephone,jun,mon,151,1,999,0,nonexistent,1.4,94.465,-41.8,4.961,5228.1,
A017031,36,admin.,married,high.school,unknown,yes,no,telephone,jun,wed,100,4,999,0,nonexistent,1.4,94.465,-41.8,4.962,5228.1,
A017037,36,blue-collar,married,basic.9y,unknown,yes,no,telephone,jun,thu,102,13,999,0,nonexistent,1.4,94.465,-41.8,4.961,5228.1,
A017089,36,blue-collar,single,basic.9y,no,yes,yes,telephone,jun,thu,762,3,999,0,nonexistent,1.4,94.465,-41.8,4.955,5228.1,
A017140,36,technician,divorced,basic.9y,no,no,no,telephone,jul,wed,119,1,999,0,nonexistent,1.4,93.918,-42.7,4.962,5228.1,
A017253,36,admin.,single,university.degree,no,no,yes,cellular,jul,thu,139,1,999,0,nonexistent,1.4,93.918,-42.7,4.962,5228.1,
A017304,36,blue-collar,married,basic.9y,no,no,no,cellular,jul,thu,85,2,999,0,nonexistent,1.4,93.918,-42.7,4.968,5228.1,
A017378,36,technician,married,university.degree,no,yes,no,cellular,aug,fri,167,1,999,0,nonexistent,1.4,93.444,-36.1,4.966,5228.1,
A017381,36,technician,single,high.school,no,yes,no,cellular,aug,fri,81,1,999,0,nonexistent,1.4,93.444,-36.1,4.966,5228.1,
A017436,36,self-employed,married,basic.6y,unknown,no,no,cellular,aug,mon,233,7,999,0,nonexistent,1.4,93.444,-36.1,4.963,5228.1,
A017503,36,admin.,single,university.degree,no,no,no,cellular,aug,fri,71,3,999,0,nonexistent,1.4,93.444,-36.1,4.964,5228.1,
A017805,36,admin.,married,university.degree,no,yes,no,cellular,apr,mon,506,2,999,0,nonexistent,-1.8,93.075,-47.1,1.405,5099.1,
A018092,36,entrepreneur,single,basic.9y,unknown,yes,yes,cellular,may,thu,75,3,999,0,nonexistent,-1.8,92.893,-46.2,1.266,5099.1,
A018502,37,admin.,single,high.school,no,yes,no,telephone,may,fri,773,2,999,0,nonexistent,1.1,93.994,-36.4,4.857,5191,
A018535,37,unemployed,married,professional.course,no,no,no,telephone,may,tue,118,1,999,0,nonexistent,1.1,93.994,-36.4,4.857,5191,
A018702,37,blue-collar,married,basic.9y,no,no,no,telephone,jun,wed,203,2,999,0,nonexistent,1.4,94.465,-41.8,4.959,5228.1,
A018766,37,admin.,married,basic.6y,no,no,no,telephone,jun,fri,126,14,999,0,nonexistent,1.4,94.465,-41.8,4.959,5228.1,
A018798,37,entrepreneur,married,basic.6y,no,yes,no,cellular,jul,mon,254,1,999,0,nonexistent,1.4,93.918,-42.7,4.96,5228.1,
A018941,37,admin.,single,high.school,no,yes,no,cellular,jul,tue,316,2,999,0,nonexistent,1.4,93.918,-42.7,4.961,5228.1,
A019007,37,student,married,professional.course,unknown,yes,no,cellular,aug,thu,72,1,999,0,nonexistent,1.4,93.444,-36.1,4.968,5228.1,
A019286,37,technician,married,professional.course,unknown,yes,yes,cellular,apr,wed,101,1,999,0,nonexistent,-1.8,93.075,-47.1,1.445,5099.1,
A019373,37,technician,single,high.school,no,yes,no,telephone,apr,thu,77,2,999,0,nonexistent,-1.8,93.075,-47.1,1.406,5099.1,
A019533,37,technician,single,university.degree,no,yes,no,cellular,may,tue,322,1,999,1,failure,-1.8,92.893,-46.2,1.291,5099.1,
A019535,37,technician,single,university.degree,no,yes,no,cellular,may,tue,464,3,999,0,nonexistent,-1.8,92.893,-46.2,1.291,5099.1,
A019653,37,admin.,married,university.degree,no,no,no,cellular,aug,wed,225,2,999,0,nonexistent,-2.9,92.201,-31.4,0.854,5076.2,
A019698,37,entrepreneur,married,university.degree,no,yes,no,cellular,nov,mon,84,1,999,1,failure,-3.4,92.649,-30.1,0.714,5017.5,
A019722,37,unemployed,married,university.degree,no,yes,no,telephone,jun,tue,126,3,2,2,success,-1.7,94.055,-39.8,0.723,4991.6,
A019976,38,blue-collar,married,basic.9y,no,yes,no,telephone,may,fri,227,1,999,0,nonexistent,1.1,93.994,-36.4,4.857,5191,
A020022,38,admin.,single,university.degree,no,no,no,telephone,may,tue,574,5,999,0,nonexistent,1.1,93.994,-36.4,4.857,5191,
A020059,38,admin.,single,basic.9y,no,no,yes,telephone,may,thu,110,3,999,0,nonexistent,1.1,93.994,-36.4,4.86,5191,
A020065,38,admin.,single,university.degree,no,yes,no,telephone,may,fri,198,1,999,0,nonexistent,1.1,93.994,-36.4,4.864,5191,
A020075,38,technician,single,university.degree,no,unknown,unknown,telephone,may,fri,214,2,999,0,nonexistent,1.1,93.994,-36.4,4.864,5191,
A020191,38,blue-collar,single,basic.6y,unknown,yes,no,telephone,jun,mon,97,6,999,0,nonexistent,1.4,94.465,-41.8,4.96,5228.1,
A020262,38,blue-collar,married,basic.9y,unknown,no,no,telephone,jul,wed,32,3,999,0,nonexistent,1.4,93.918,-42.7,4.956,5228.1,
A020378,38,technician,married,unknown,no,yes,no,cellular,jul,wed,644,1,999,0,nonexistent,1.4,93.918,-42.7,4.963,5228.1,
A020548,38,technician,married,professional.course,unknown,no,yes,cellular,aug,thu,318,3,999,0,nonexistent,1.4,93.444,-36.1,4.963,5228.1,
A020663,38,blue-collar,married,basic.4y,no,yes,no,cellular,nov,wed,157,1,999,0,nonexistent,-0.1,93.2,-42,4.12,5195.8,
A020785,38,admin.,married,high.school,no,no,no,cellular,apr,wed,518,2,999,1,failure,-1.8,93.075,-47.1,1.445,5099.1,
A020977,38,services,divorced,basic.6y,no,yes,no,telephone,may,tue,556,2,10,1,success,-1.8,92.893,-46.2,1.291,5099.1,
A021368,39,services,married,high.school,no,no,yes,telephone,may,tue,793,2,999,0,nonexistent,1.1,93.994,-36.4,4.856,5191,
A021469,39,admin.,married,professional.course,no,yes,yes,telephone,may,wed,72,1,999,0,nonexistent,1.1,93.994,-36.4,4.857,5191,
A021573,39,unemployed,married,university.degree,no,no,no,telephone,jun,fri,212,1,999,0,nonexistent,1.4,94.465,-41.8,4.967,5228.1,
A021963,39,admin.,married,high.school,no,yes,no,cellular,aug,mon,154,3,999,0,nonexistent,1.4,93.444,-36.1,4.965,5228.1,
A021973,39,technician,married,professional.course,no,yes,yes,cellular,aug,wed,86,1,999,0,nonexistent,1.4,93.444,-36.1,4.965,5228.1,
A022195,39,admin.,married,high.school,no,yes,no,cellular,apr,wed,286,2,999,0,nonexistent,-1.8,93.075,-47.1,1.498,5099.1,
A022345,39,blue-collar,married,basic.9y,no,no,no,cellular,may,wed,283,3,999,0,nonexistent,-1.8,92.893,-46.2,1.334,5099.1,
A022383,39,admin.,single,university.degree,no,yes,no,cellular,may,fri,150,2,999,0,nonexistent,-1.8,92.893,-46.2,1.313,5099.1,
A022416,39,blue-collar,single,basic.9y,no,yes,no,cellular,may,mon,313,1,999,1,failure,-1.8,92.893,-46.2,1.299,5099.1,
A022494,39,self-employed,married,basic.9y,no,yes,no,cellular,may,fri,744,1,999,0,nonexistent,-1.8,92.893,-46.2,1.25,5099.1,
A022654,40,blue-collar,married,high.school,no,yes,no,telephone,may,thu,183,1,999,0,nonexistent,1.1,93.994,-36.4,4.855,5191,
A022791,40,admin.,married,professional.course,unknown,yes,no,telephone,may,fri,488,1,999,0,nonexistent,1.1,93.994,-36.4,4.857,5191,
A023022,40,services,married,basic.6y,unknown,no,no,telephone,jun,fri,11,11,999,0,nonexistent,1.4,94.465,-41.8,4.959,5228.1,
A023029,40,blue-collar,married,basic.9y,unknown,no,no,telephone,jun,fri,252,3,999,0,nonexistent,1.4,94.465,-41.8,4.959,5228.1,
A023182,40,blue-collar,married,professional.course,no,no,no,cellular,jul,mon,189,1,999,0,nonexistent,1.4,93.918,-42.7,4.962,5228.1,
A023345,40,technician,married,professional.course,no,no,no,cellular,aug,fri,168,1,999,0,nonexistent,1.4,93.444,-36.1,4.963,5228.1,
A023455,40,entrepreneur,unknown,high.school,no,yes,yes,cellular,nov,thu,825,6,999,1,failure,-0.1,93.2,-42,4.076,5195.8,
A023558,40,technician,single,professional.course,no,yes,no,cellular,apr,mon,250,1,999,1,failure,-1.8,93.075,-47.1,1.405,5099.1,
A023575,40,blue-collar,married,basic.9y,unknown,no,no,cellular,apr,mon,144,2,999,0,nonexistent,-1.8,93.075,-47.1,1.405,5099.1,
A023833,41,blue-collar,married,basic.9y,unknown,yes,no,telephone,may,fri,208,2,999,0,nonexistent,1.1,93.994,-36.4,4.855,5191,
A023932,41,entrepreneur,single,university.degree,unknown,yes,no,telephone,may,tue,19,1,999,0,nonexistent,1.1,93.994,-36.4,4.856,5191,
A023972,41,management,married,university.degree,no,no,no,telephone,may,fri,106,6,999,0,nonexistent,1.1,93.994,-36.4,4.857,5191,
A023975,41,self-employed,married,high.school,no,no,no,telephone,may,mon,237,1,999,0,nonexistent,1.1,93.994,-36.4,4.857,5191,
A024085,41,unemployed,married,university.degree,unknown,no,no,telephone,jun,tue,238,2,999,0,nonexistent,1.4,94.465,-41.8,4.864,5228.1,
A024219,41,admin.,divorced,high.school,no,unknown,unknown,telephone,jun,thu,289,1,999,0,nonexistent,1.4,94.465,-41.8,4.961,5228.1,
A024263,41,blue-collar,married,unknown,no,no,no,cellular,jul,mon,226,1,999,0,nonexistent,1.4,93.918,-42.7,4.96,5228.1,
A024444,41,technician,married,university.degree,no,no,yes,cellular,aug,fri,133,2,999,0,nonexistent,1.4,93.444,-36.1,4.966,5228.1,
A024809,41,services,divorced,high.school,no,no,no,cellular,may,wed,52,2,999,0,nonexistent,-1.8,92.893,-46.2,1.334,5099.1,
A024873,41,management,married,high.school,unknown,yes,no,cellular,may,tue,527,2,999,0,nonexistent,-1.8,92.893,-46.2,1.291,5099.1,
A024903,41,services,married,high.school,no,no,no,cellular,may,thu,116,4,999,1,failure,-1.8,92.893,-46.2,1.266,5099.1,
A025041,41,unemployed,married,basic.9y,no,no,no,cellular,nov,thu,597,2,3,2,success,-1.1,94.767,-50.8,1.041,4963.6,
A025255,42,housemaid,married,basic.4y,no,yes,no,telephone,may,mon,130,1,999,0,nonexistent,1.1,93.994,-36.4,4.857,5191,
A025304,42,technician,married,university.degree,unknown,no,no,telephone,may,thu,48,1,999,0,nonexistent,1.1,93.994,-36.4,4.86,5191,
A025396,42,blue-collar,single,basic.9y,no,no,no,telephone,jun,mon,306,5,999,0,nonexistent,1.4,94.465,-41.8,4.961,5228.1,
A025501,42,technician,divorced,basic.9y,no,yes,no,cellular,jul,mon,299,3,999,0,nonexistent,1.4,93.918,-42.7,4.96,5228.1,
A025527,42,blue-collar,married,basic.9y,no,no,yes,cellular,jul,thu,880,1,999,0,nonexistent,1.4,93.918,-42.7,4.963,5228.1,
A025572,42,blue-collar,married,basic.4y,no,yes,no,cellular,jul,mon,251,2,999,0,nonexistent,1.4,93.918,-42.7,4.96,5228.1,
A025604,42,self-employed,married,university.degree,no,no,no,cellular,jul,mon,243,30,999,0,nonexistent,1.4,93.918,-42.7,4.962,5228.1,
A025675,42,technician,married,professional.course,no,yes,no,cellular,aug,thu,108,2,999,0,nonexistent,1.4,93.444,-36.1,4.968,5228.1,
A025734,42,admin.,married,university.degree,no,no,no,cellular,aug,wed,273,6,999,0,nonexistent,1.4,93.444,-36.1,4.964,5228.1,
A025876,42,admin.,divorced,university.degree,no,yes,no,cellular,nov,fri,195,1,999,0,nonexistent,-0.1,93.2,-42,4.021,5195.8,
A025880,42,admin.,married,university.degree,no,no,yes,cellular,nov,fri,902,1,999,0,nonexistent,-0.1,93.2,-42,4.021,5195.8,
A025923,42,blue-collar,married,basic.4y,no,yes,no,cellular,apr,fri,486,1,999,1,failure,-1.8,93.075,-47.1,1.405,5099.1,
A025976,42,blue-collar,married,basic.9y,no,no,no,cellular,may,tue,632,5,10,1,success,-1.8,92.893,-46.2,1.344,5099.1,
A026020,42,services,married,high.school,no,yes,no,telephone,may,fri,128,1,999,0,nonexistent,-1.8,92.893,-46.2,1.313,5099.1,
A026035,42,admin.,married,university.degree,no,no,no,cellular,may,mon,98,2,999,1,failure,-1.8,92.893,-46.2,1.299,5099.1,
A026100,42,management,divorced,university.degree,no,no,no,cellular,may,mon,359,5,999,0,nonexistent,-1.8,92.893,-46.2,1.244,5099.1,
A026102,42,services,divorced,high.school,no,yes,no,cellular,may,mon,252,4,999,0,nonexistent,-1.8,92.893,-46.2,1.244,5099.1,
A026152,42,management,divorced,unknown,no,yes,no,telephone,oct,thu,259,1,999,0,nonexistent,-3.4,92.431,-26.9,0.741,5017.5,
A026203,43,services,married,high.school,no,yes,no,telephone,may,mon,241,2,999,0,nonexistent,1.1,93.994,-36.4,4.857,5191,
A026367,43,services,married,high.school,no,no,no,telephone,may,mon,77,1,999,0,nonexistent,1.1,93.994,-36.4,4.857,5191,
A026459,43,technician,married,professional.course,no,no,no,telephone,jun,thu,119,2,999,0,nonexistent,1.4,94.465,-41.8,4.866,5228.1,
A026576,43,admin.,married,high.school,no,no,no,cellular,jul,mon,240,1,999,0,nonexistent,1.4,93.918,-42.7,4.96,5228.1,
A026921,43,management,married,university.degree,no,no,yes,cellular,nov,wed,73,2,999,1,failure,-0.1,93.2,-42,4.12,5195.8,
A026952,43,services,single,high.school,unknown,no,yes,cellular,nov,fri,53,1,999,0,nonexistent,-0.1,93.2,-42,4.021,5195.8,
A026993,43,admin.,single,high.school,no,no,no,telephone,apr,fri,51,3,999,0,nonexistent,-1.8,93.075,-47.1,1.405,5099.1,
A027040,43,blue-collar,married,basic.9y,unknown,no,no,cellular,may,tue,68,1,6,1,success,-1.8,92.893,-46.2,1.344,5099.1,
A027076,43,blue-collar,married,basic.9y,no,no,no,cellular,may,thu,1297,2,999,0,nonexistent,-1.8,92.893,-46.2,1.327,5099.1,
A027092,43,admin.,divorced,basic.9y,no,yes,no,cellular,may,mon,47,1,999,1,failure,-1.8,92.893,-46.2,1.299,5099.1,
A027139,43,blue-collar,married,basic.9y,no,yes,no,cellular,may,wed,324,3,999,0,nonexistent,-1.8,92.893,-46.2,1.281,5099.1,
A027157,43,blue-collar,single,high.school,no,no,no,cellular,may,fri,504,2,999,0,nonexistent,-1.8,92.893,-46.2,1.25,5099.1,
A027258,44,admin.,married,high.school,no,yes,no,telephone,may,tue,221,2,999,0,nonexistent,1.1,93.994,-36.4,4.857,5191,
A027434,44,admin.,married,university.degree,no,yes,yes,telephone,may,wed,143,2,999,0,nonexistent,1.1,93.994,-36.4,4.857,5191,
A027506,44,blue-collar,single,basic.4y,no,yes,no,telephone,jun,mon,76,1,999,0,nonexistent,1.4,94.465,-41.8,4.961,5228.1,
A027592,44,unemployed,married,basic.9y,unknown,no,no,cellular,jul,wed,92,1,999,0,nonexistent,1.4,93.918,-42.7,4.962,5228.1,
A027918,44,technician,married,professional.course,no,yes,no,cellular,nov,tue,75,1,999,0,nonexistent,-0.1,93.2,-42,4.153,5195.8,
A027921,44,blue-collar,married,basic.9y,no,yes,no,cellular,nov,tue,52,1,999,0,nonexistent,-0.1,93.2,-42,4.153,5195.8,
A027963,44,self-employed,married,basic.9y,no,yes,no,cellular,nov,thu,104,4,999,1,failure,-0.1,93.2,-42,4.076,5195.8,
A028100,44,technician,divorced,professional.course,no,yes,no,cellular,may,thu,245,3,999,0,nonexistent,-1.8,92.893,-46.2,1.327,5099.1,
A028112,44,services,married,high.school,no,no,no,cellular,may,fri,263,1,999,1,failure,-1.8,92.893,-46.2,1.313,5099.1,
A028191,44,self-employed,married,university.degree,no,no,no,cellular,jun,tue,234,2,3,1,success,-2.9,92.963,-40.8,1.286,5076.2,
A028283,45,blue-collar,married,basic.9y,unknown,yes,no,telephone,may,wed,142,1,999,0,nonexistent,1.1,93.994,-36.4,4.856,5191,
A028339,45,services,married,high.school,unknown,yes,no,telephone,may,tue,378,1,999,0,nonexistent,1.1,93.994,-36.4,4.856,5191,
A028347,45,admin.,married,high.school,no,yes,no,telephone,may,wed,72,2,999,0,nonexistent,1.1,93.994,-36.4,4.859,5191,
A028423,45,blue-collar,divorced,basic.9y,no,yes,no,telephone,may,wed,572,1,999,0,nonexistent,1.1,93.994,-36.4,4.858,5191,
A028435,45,technician,married,university.degree,no,yes,no,telephone,may,fri,240,1,999,0,nonexistent,1.1,93.994,-36.4,4.857,5191,
A028465,45,admin.,single,professional.course,no,no,no,telephone,may,tue,265,4,999,0,nonexistent,1.1,93.994,-36.4,4.857,5191,
A028719,45,blue-collar,divorced,basic.4y,unknown,yes,no,telephone,jul,fri,168,1,999,0,nonexistent,1.4,93.918,-42.7,4.957,5228.1,
A028807,45,blue-collar,married,basic.4y,no,yes,no,cellular,aug,tue,111,1,999,0,nonexistent,1.4,93.444,-36.1,4.968,5228.1,
A028839,45,admin.,married,basic.9y,no,no,no,cellular,aug,thu,524,5,999,0,nonexistent,1.4,93.444,-36.1,4.968,5228.1,
A028935,45,blue-collar,married,basic.6y,no,no,no,cellular,aug,fri,200,1,999,0,nonexistent,1.4,93.444,-36.1,4.964,5228.1,
A028994,45,technician,married,university.degree,no,yes,no,telephone,nov,mon,275,1,999,0,nonexistent,-0.1,93.2,-42,4.191,5195.8,
A029201,45,admin.,divorced,basic.9y,unknown,no,no,cellular,may,thu,133,1,12,1,success,-1.8,92.893,-46.2,1.327,5099.1,
A029216,45,technician,unknown,basic.6y,no,no,no,cellular,may,mon,197,1,999,1,failure,-1.8,92.893,-46.2,1.299,5099.1,
A029229,45,admin.,married,high.school,unknown,no,yes,cellular,may,tue,908,1,999,0,nonexistent,-1.8,92.893,-46.2,1.291,5099.1,
A029314,45,admin.,married,university.degree,no,no,no,cellular,sep,mon,394,1,999,0,nonexistent,-3.4,92.379,-29.8,0.797,5017.5,
A029411,46,admin.,divorced,university.degree,unknown,no,no,telephone,may,mon,303,3,999,0,nonexistent,1.1,93.994,-36.4,4.857,5191,
A029419,46,blue-collar,married,basic.4y,unknown,no,no,telephone,may,tue,367,1,999,0,nonexistent,1.1,93.994,-36.4,4.856,5191,
A029450,46,blue-collar,married,basic.6y,unknown,yes,no,telephone,may,thu,516,9,999,0,nonexistent,1.1,93.994,-36.4,4.86,5191,
A029632,46,blue-collar,married,professional.course,no,no,no,telephone,jun,fri,286,2,999,0,nonexistent,1.4,94.465,-41.8,4.967,5228.1,
A029926,46,technician,married,high.school,unknown,no,no,cellular,aug,thu,206,1,999,0,nonexistent,1.4,93.444,-36.1,4.964,5228.1,
A029961,46,blue-collar,married,basic.6y,no,yes,no,cellular,aug,fri,119,1,999,0,nonexistent,1.4,93.444,-36.1,4.964,5228.1,
A029963,46,housemaid,married,basic.4y,no,yes,no,cellular,aug,fri,195,1,999,0,nonexistent,1.4,93.444,-36.1,4.964,5228.1,
A029973,46,admin.,married,basic.9y,no,no,no,cellular,aug,tue,317,4,999,0,nonexistent,1.4,93.444,-36.1,4.965,5228.1,
A029986,46,services,married,basic.9y,unknown,yes,no,cellular,aug,wed,59,5,999,0,nonexistent,1.4,93.444,-36.1,4.964,5228.1,
A030018,46,management,divorced,university.degree,no,unknown,unknown,telephone,nov,mon,77,2,999,0,nonexistent,-0.1,93.2,-42,4.191,5195.8,
A030049,46,management,married,high.school,no,yes,yes,cellular,nov,tue,140,2,999,0,nonexistent,-0.1,93.2,-42,4.153,5195.8,
A030156,46,entrepreneur,married,professional.course,no,no,yes,cellular,apr,fri,69,2,999,0,nonexistent,-1.8,93.075,-47.1,1.405,5099.1,
A030218,46,services,married,high.school,no,yes,yes,cellular,may,wed,270,1,999,0,nonexistent,-1.8,92.893,-46.2,1.334,5099.1,
A030224,46,management,married,university.degree,unknown,yes,yes,cellular,may,wed,172,4,999,0,nonexistent,-1.8,92.893,-46.2,1.334,5099.1,
A030567,47,admin.,single,university.degree,unknown,yes,yes,telephone,may,thu,656,1,999,0,nonexistent,1.1,93.994,-36.4,4.86,5191,
A030652,47,blue-collar,married,basic.4y,no,yes,no,telephone,jun,thu,130,3,999,0,nonexistent,1.4,94.465,-41.8,4.958,5228.1,
A030657,47,technician,single,professional.course,unknown,no,no,telephone,jun,mon,90,2,999,0,nonexistent,1.4,94.465,-41.8,4.96,5228.1,
A031009,47,technician,married,university.degree,no,yes,no,cellular,aug,wed,184,3,999,0,nonexistent,1.4,93.444,-36.1,4.964,5228.1,
A031044,47,management,married,university.degree,no,no,no,cellular,nov,tue,126,2,999,0,nonexistent,-0.1,93.2,-42,4.153,5195.8,
A031107,47,admin.,married,high.school,no,yes,no,cellular,nov,fri,140,3,999,0,nonexistent,-0.1,93.2,-42,4.021,5195.8,
A031112,47,blue-collar,single,basic.4y,unknown,no,no,cellular,apr,tue,369,1,999,0,nonexistent,-1.8,93.075,-47.1,1.453,5099.1,
A031620,48,services,divorced,high.school,no,yes,yes,cellular,jul,tue,191,1,999,0,nonexistent,1.4,93.918,-42.7,4.962,5228.1,
A031637,48,blue-collar,married,basic.9y,unknown,yes,no,cellular,jul,thu,122,1,999,0,nonexistent,1.4,93.918,-42.7,4.963,5228.1,
A031671,48,services,divorced,high.school,no,yes,no,cellular,jul,mon,72,2,999,0,nonexistent,1.4,93.918,-42.7,4.96,5228.1,
A031753,48,admin.,divorced,university.degree,no,yes,no,cellular,jul,wed,121,3,999,0,nonexistent,1.4,93.918,-42.7,4.963,5228.1,
A031762,48,blue-collar,married,professional.course,no,no,no,cellular,jul,thu,22,25,999,0,nonexistent,1.4,93.918,-42.7,4.968,5228.1,
A031865,48,technician,married,high.school,unknown,yes,yes,cellular,aug,tue,126,1,999,0,nonexistent,1.4,93.444,-36.1,4.963,5228.1,
A032094,48,services,divorced,high.school,no,yes,no,cellular,apr,mon,365,1,999,0,nonexistent,-1.8,93.075,-47.1,1.405,5099.1,
A032096,48,services,divorced,high.school,no,yes,yes,cellular,apr,mon,111,2,999,1,failure,-1.8,93.075,-47.1,1.405,5099.1,
A032161,48,admin.,divorced,high.school,unknown,no,no,cellular,may,mon,263,2,999,1,failure,-1.8,92.893,-46.2,1.299,5099.1,
A032184,48,blue-collar,married,basic.4y,unknown,yes,no,cellular,may,thu,33,3,999,0,nonexistent,-1.8,92.893,-46.2,1.266,5099.1,
A032298,49,blue-collar,married,basic.4y,no,no,no,telephone,may,mon,55,3,999,0,nonexistent,1.1,93.994,-36.4,4.857,5191,
A032561,49,services,married,high.school,no,no,yes,telephone,jun,thu,374,3,999,0,nonexistent,1.4,94.465,-41.8,4.961,5228.1,
A032663,49,technician,married,professional.course,no,yes,no,cellular,jul,fri,579,2,999,0,nonexistent,1.4,93.918,-42.7,4.957,5228.1,
A032967,49,entrepreneur,married,university.degree,no,no,yes,cellular,apr,mon,281,2,999,0,nonexistent,-1.8,93.075,-47.1,1.405,5099.1,
A032980,49,admin.,divorced,university.degree,no,yes,no,cellular,apr,thu,347,3,999,0,nonexistent,-1.8,93.075,-47.1,1.365,5099.1,
A032982,49,admin.,married,university.degree,no,yes,no,telephone,may,mon,15,5,999,0,nonexistent,-1.8,92.893,-46.2,1.354,5099.1,
A033050,49,services,married,high.school,no,yes,no,cellular,may,thu,152,1,999,0,nonexistent,-1.8,92.893,-46.2,1.266,5099.1,
A033171,50,management,single,university.degree,no,yes,yes,telephone,may,fri,63,1,999,0,nonexistent,1.1,93.994,-36.4,4.855,5191,
A033223,50,management,married,university.degree,unknown,unknown,unknown,telephone,may,mon,93,4,999,0,nonexistent,1.1,93.994,-36.4,4.858,5191,
A033413,50,blue-collar,married,basic.9y,unknown,unknown,unknown,telephone,jul,thu,90,1,999,0,nonexistent,1.4,93.918,-42.7,4.966,5228.1,
A033436,50,technician,divorced,professional.course,no,yes,no,telephone,jul,fri,41,2,999,0,nonexistent,1.4,93.918,-42.7,4.963,5228.1,
A033752,50,services,married,high.school,no,yes,no,cellular,nov,tue,129,1,999,1,failure,-0.1,93.2,-42,4.153,5195.8,
A033772,50,entrepreneur,married,basic.4y,no,yes,no,cellular,nov,tue,286,1,999,0,nonexistent,-0.1,93.2,-42,4.153,5195.8,
A033817,50,technician,divorced,university.degree,no,yes,no,telephone,nov,fri,49,1,999,0,nonexistent,-0.1,93.2,-42,4.021,5195.8,
A033848,50,blue-collar,married,basic.4y,no,yes,no,cellular,apr,fri,100,3,999,0,nonexistent,-1.8,93.075,-47.1,1.479,5099.1,
A033916,50,unknown,married,basic.4y,unknown,no,yes,cellular,may,tue,77,4,999,1,failure,-1.8,92.893,-46.2,1.291,5099.1,
A034103,51,blue-collar,married,basic.4y,unknown,yes,no,telephone,may,mon,792,4,999,0,nonexistent,1.1,93.994,-36.4,4.858,5191,
A034171,51,admin.,married,professional.course,no,yes,no,telephone,may,fri,78,2,999,0,nonexistent,1.1,93.994,-36.4,4.864,5191,
A034259,51,blue-collar,married,high.school,no,no,no,cellular,jul,mon,110,1,999,0,nonexistent,1.4,93.918,-42.7,4.96,5228.1,
A034497,51,blue-collar,married,basic.4y,no,yes,no,cellular,nov,mon,346,1,999,0,nonexistent,-0.1,93.2,-42,4.191,5195.8,
A034794,52,self-employed,married,university.degree,no,no,no,telephone,may,fri,61,1,999,0,nonexistent,1.1,93.994,-36.4,4.855,5191,
A035039,52,housemaid,married,basic.4y,no,yes,no,cellular,jul,mon,88,1,999,0,nonexistent,1.4,93.918,-42.7,4.96,5228.1,
A035105,52,blue-collar,married,unknown,unknown,no,no,cellular,jul,fri,227,1,999,0,nonexistent,1.4,93.918,-42.7,4.962,5228.1,
A035145,52,technician,divorced,professional.course,no,no,no,cellular,aug,tue,58,1,999,0,nonexistent,1.4,93.444,-36.1,4.968,5228.1,
A035188,52,housemaid,married,basic.6y,no,yes,no,cellular,aug,tue,56,1,999,0,nonexistent,1.4,93.444,-36.1,4.966,5228.1,
A035257,52,blue-collar,married,high.school,no,yes,no,cellular,aug,tue,454,2,999,0,nonexistent,1.4,93.444,-36.1,4.965,5228.1,
A035262,52,admin.,married,high.school,no,yes,yes,cellular,aug,wed,352,1,999,0,nonexistent,1.4,93.444,-36.1,4.964,5228.1,
A035285,52,entrepreneur,married,basic.9y,no,unknown,unknown,telephone,nov,mon,147,1,999,1,failure,-0.1,93.2,-42,4.191,5195.8,
A035687,53,admin.,divorced,university.degree,unknown,no,no,telephone,jun,mon,53,2,999,0,nonexistent,1.4,94.465,-41.8,4.865,5228.1,
A035705,53,services,married,high.school,unknown,yes,no,telephone,jun,thu,108,1,999,0,nonexistent,1.4,94.465,-41.8,4.866,5228.1,
A035726,53,entrepreneur,divorced,unknown,no,yes,no,telephone,jun,thu,154,3,999,0,nonexistent,1.4,94.465,-41.8,4.958,5228.1,
A035733,53,technician,married,professional.course,unknown,no,no,telephone,jun,mon,54,1,999,0,nonexistent,1.4,94.465,-41.8,4.96,5228.1,
A035925,53,blue-collar,married,basic.6y,unknown,unknown,unknown,cellular,aug,thu,134,3,999,0,nonexistent,1.4,93.444,-36.1,4.964,5228.1,
A035963,53,management,married,university.degree,no,yes,no,cellular,aug,mon,14,12,999,0,nonexistent,1.4,93.444,-36.1,4.965,5228.1,
A036022,53,admin.,divorced,university.degree,no,yes,no,cellular,nov,tue,69,1,999,0,nonexistent,-0.1,93.2,-42,4.153,5195.8,
A036059,53,technician,divorced,high.school,no,no,no,cellular,nov,thu,290,2,999,0,nonexistent,-0.1,93.2,-42,4.076,5195.8,
A036451,54,blue-collar,married,high.school,no,yes,yes,telephone,jun,wed,26,7,999,0,nonexistent,1.4,94.465,-41.8,4.962,5228.1,
A036473,54,services,married,high.school,unknown,yes,no,cellular,jul,mon,36,33,999,0,nonexistent,1.4,93.918,-42.7,4.96,5228.1,
A036493,54,blue-collar,divorced,high.school,unknown,no,no,cellular,jul,fri,223,2,999,0,nonexistent,1.4,93.918,-42.7,4.963,5228.1,
A036502,54,blue-collar,single,unknown,no,no,no,telephone,jul,mon,185,4,999,0,nonexistent,1.4,93.918,-42.7,4.962,5228.1,
A036517,54,retired,divorced,basic.4y,no,yes,no,cellular,jul,tue,237,1,999,0,nonexistent,1.4,93.918,-42.7,4.961,5228.1,
A036556,54,housemaid,married,professional.course,no,no,no,cellular,jul,tue,604,2,999,0,nonexistent,1.4,93.918,-42.7,4.961,5228.1,
A036627,54,services,married,high.school,no,yes,no,cellular,aug,thu,834,9,999,0,nonexistent,1.4,93.444,-36.1,4.964,5228.1,
A036764,54,retired,divorced,university.degree,no,no,no,cellular,nov,fri,296,1,999,0,nonexistent,-0.1,93.2,-42,4.021,5195.8,
A036849,54,management,married,high.school,unknown,no,no,cellular,may,mon,273,3,999,0,nonexistent,-1.8,92.893,-46.2,1.299,5099.1,
A036921,54,unemployed,married,basic.9y,no,yes,no,cellular,oct,wed,200,1,999,0,nonexistent,-3.4,92.431,-26.9,0.735,5017.5,
A036957,54,unemployed,married,professional.course,no,yes,no,telephone,nov,thu,200,2,10,4,failure,-1.1,94.767,-50.8,1.041,4963.6,
A037007,55,admin.,married,high.school,no,yes,no,telephone,may,wed,133,4,999,0,nonexistent,1.1,93.994,-36.4,4.859,5191,
A037282,55,admin.,married,professional.course,no,yes,yes,cellular,aug,tue,482,1,999,0,nonexistent,1.4,93.444,-36.1,4.968,5228.1,
A037569,55,admin.,single,university.degree,no,yes,no,cellular,sep,fri,93,2,999,0,nonexistent,-3.4,92.379,-29.8,0.803,5017.5,
A037679,56,management,married,basic.4y,unknown,unknown,unknown,telephone,may,fri,242,3,999,0,nonexistent,1.1,93.994,-36.4,4.859,5191,
A037772,56,technician,married,professional.course,unknown,no,yes,telephone,jun,fri,168,4,999,0,nonexistent,1.4,94.465,-41.8,4.967,5228.1,
A037817,56,admin.,married,high.school,no,no,no,telephone,jun,fri,489,2,999,0,nonexistent,1.4,94.465,-41.8,4.959,5228.1,
A038042,56,self-employed,married,basic.9y,no,yes,no,cellular,aug,thu,793,5,999,0,nonexistent,1.4,93.444,-36.1,4.963,5228.1,
A038050,56,blue-collar,married,basic.4y,no,no,no,cellular,aug,fri,263,7,999,0,nonexistent,1.4,93.444,-36.1,4.964,5228.1,
A038275,56,blue-collar,divorced,basic.4y,no,no,no,cellular,nov,thu,134,1,999,0,nonexistent,-3.4,92.649,-30.1,0.714,5017.5,
A038386,57,blue-collar,divorced,basic.4y,unknown,yes,no,telephone,may,tue,47,1,999,0,nonexistent,1.1,93.994,-36.4,4.856,5191,
A038430,57,housemaid,divorced,basic.4y,unknown,yes,no,telephone,may,wed,288,3,999,0,nonexistent,1.1,93.994,-36.4,4.857,5191,
A038432,57,blue-collar,married,basic.4y,unknown,no,no,telephone,may,thu,154,1,999,0,nonexistent,1.1,93.994,-36.4,4.86,5191,
A038459,57,blue-collar,married,basic.4y,unknown,yes,no,telephone,jun,wed,71,5,999,0,nonexistent,1.4,94.465,-41.8,4.864,5228.1,
A038480,57,technician,married,basic.9y,no,yes,no,telephone,jun,mon,215,3,999,0,nonexistent,1.4,94.465,-41.8,4.96,5228.1,
A038552,57,blue-collar,married,unknown,no,no,no,cellular,jul,tue,137,4,999,0,nonexistent,1.4,93.918,-42.7,4.961,5228.1,
A038716,57,services,married,high.school,unknown,yes,no,telephone,aug,mon,41,9,999,0,nonexistent,1.4,93.444,-36.1,4.965,5228.1,
A038794,57,blue-collar,married,basic.9y,unknown,yes,no,cellular,nov,fri,57,7,999,1,failure,-0.1,93.2,-42,4.021,5195.8,
A038854,57,entrepreneur,married,basic.9y,no,yes,no,cellular,may,mon,47,2,999,0,nonexistent,-1.8,92.893,-46.2,1.354,5099.1,
A038961,58,blue-collar,married,professional.course,unknown,yes,no,telephone,may,mon,214,2,999,0,nonexistent,1.1,93.994,-36.4,4.857,5191,
A039012,58,retired,married,basic.4y,unknown,no,no,telephone,may,tue,1045,1,999,0,nonexistent,1.1,93.994,-36.4,4.856,5191,
A039058,58,technician,married,university.degree,no,yes,no,telephone,jun,tue,108,12,999,0,nonexistent,1.4,94.465,-41.8,4.864,5228.1,
A039289,58,services,married,high.school,no,no,no,cellular,aug,fri,155,5,999,0,nonexistent,1.4,93.444,-36.1,4.964,5228.1,
A039726,59,entrepreneur,married,basic.4y,no,yes,no,cellular,jul,thu,82,3,999,0,nonexistent,1.4,93.918,-42.7,4.962,5228.1,
A039953,59,management,married,university.degree,no,yes,no,cellular,sep,fri,328,2,3,1,success,-3.4,92.379,-29.8,0.803,5017.5,
A040157,60,unknown,married,unknown,unknown,yes,no,cellular,aug,tue,130,3,999,0,nonexistent,1.4,93.444,-36.1,4.965,5228.1,
A040207,60,admin.,married,university.degree,no,yes,no,cellular,jun,mon,324,3,3,1,success,-2.9,92.963,-40.8,1.266,5076.2,
A040232,60,retired,married,basic.4y,no,no,no,cellular,oct,mon,98,1,999,0,nonexistent,-3.4,92.431,-26.9,0.739,5017.5,
A040380,62,admin.,divorced,university.degree,no,yes,no,cellular,nov,wed,572,1,999,0,nonexistent,-3.4,92.649,-30.1,0.719,5017.5,
A040384,62,blue-collar,married,basic.4y,no,no,no,cellular,nov,mon,123,1,999,1,failure,-3.4,92.649,-30.1,0.719,5017.5,
A040700,69,housemaid,married,basic.4y,no,no,no,telephone,aug,mon,420,4,999,0,nonexistent,-2.9,92.201,-31.4,0.843,5076.2,
A040738,70,retired,married,professional.course,no,no,no,cellular,aug,fri,70,3,999,0,nonexistent,-2.9,92.201,-31.4,0.869,5076.2,
A040874,73,retired,married,university.degree,no,no,yes,cellular,nov,thu,749,7,999,0,nonexistent,-3.4,92.649,-30.1,0.716,5017.5,
A040897,74,retired,married,basic.9y,no,yes,no,cellular,aug,mon,156,1,999,1,failure,-2.9,92.201,-31.4,0.861,5076.2,
A040970,76,housemaid,married,basic.4y,no,no,no,cellular,jun,tue,296,5,999,0,nonexistent,-1.7,94.055,-39.8,0.702,4991.6,
A040978,77,retired,divorced,unknown,no,yes,no,cellular,mar,tue,178,1,999,0,nonexistent,-1.8,92.843,-50,1.614,5099.1,
A041014,78,retired,married,unknown,no,no,no,cellular,mar,thu,272,1,6,2,success,-1.8,93.369,-34.8,0.635,5008.7,